build,workers,sample,seconds,hashes_per_second,max_timer_lag_ms,offloaded_calls
baseline,0,1,2.99434299999848,21.373636887969244,372.4509999155998,0
baseline,0,2,2.98904599994421,21.41151390818159,371.3620000053197,0
baseline,0,3,3.0373780000954866,21.070805147725444,408.2020001951605,0
baseline,0,4,2.999218000099063,21.338895671433722,371.2040001992136,0
baseline,0,5,3.007359999930486,21.281123643820273,374.09300031140447,0
baseline,1,1,3.041761999949813,21.04043643159983,378.13800014555454,0
baseline,1,2,3.6109680000226945,17.723779329974057,580.5160000454634,0
baseline,1,3,3.1576720001176,20.268096242300174,473.3330002054572,0
baseline,1,4,3.0672560001257807,20.86555540110624,379.7300001606345,0
baseline,1,5,3.06819500005804,20.859169641691395,379.78600012138486,0
baseline,4,1,3.065936000086367,20.874538802570285,378.98200028575957,0
baseline,4,2,3.0620180000551045,20.901248783922316,378.5480000078678,0
baseline,4,3,3.0576529998797923,20.93108668724544,378.55500006116927,0
baseline,4,4,3.0567339998669922,20.937379570085206,379.5080001000315,0
baseline,4,5,3.062364999903366,20.898880441103376,379.283000016585,0
patched,0,1,3.0560439999680966,20.942106854701084,379.8650000244379,0
patched,0,2,3.0290810000151396,21.12852049835581,375.1920002978295,0
patched,0,3,3.051293999888003,20.974707780485627,379.70300018787384,0
patched,0,4,3.0479389999527484,20.997795559882327,380.1560001447797,0
patched,0,5,3.0535240001045167,20.959389871443417,378.15300025977194,0
patched,1,1,3.0693379999138415,20.8514018338145,0.7970002479851246,64
patched,1,2,3.138624999905005,20.39109482717338,5.9910002164542675,64
patched,1,3,3.0648910000454634,20.881656149941595,0.7430000696331263,64
patched,1,4,3.085806000046432,20.74012429784536,1.6300000716000795,64
patched,1,5,3.0841349998954684,20.751361403495363,1.9710001070052385,64
patched,4,1,0.7733219999354333,82.75983355619462,1.4780000783503056,64
patched,4,2,0.7703809998929501,83.07577680250844,0.7220001425594091,64
patched,4,3,0.7747490000911057,82.60739928993003,0.7070000283420086,64
patched,4,4,0.7924019999336451,80.76708540028835,1.8990000244230032,64
patched,4,5,0.7779820000287145,82.26411407672391,0.7660002447664738,64
